timestamp_s,computation_ms
0.0,29.84368168555928
0.0200133422281521,14.618285998756932
0.0400266844563042,16.723543633949678
0.06004002668445631,23.32238730861411
0.0800533689126084,31.82523770200949
0.1000667111407605,24.754582446303132
0.12008005336891261,26.978585751666472
0.1400933955970647,25.316647828191897
0.1601067378252168,22.23123036140576
0.1801200800533689,39.64460547026016
0.200133422281521,17.389936875785803
0.2201467645096731,16.353252088971566
0.24016010673782523,33.24497275069711
0.2601734489659773,20.375288008382512
0.2801867911941294,46.6065336398618
0.3002001334222815,24.0740423673748
0.3202134756504336,37.31155299769228
0.3402268178785857,28.982408176713154
0.3602401601067378,27.680233241567198
0.3802535023348899,32.766163376390885
0.400266844563042,17.991319283108528
0.4202801867911941,28.810401642140985
0.4402935290193462,30.159931776078537
0.4603068712474983,33.63879340367191
0.48032021347565046,24.967708837981146
0.5003335557038026,26.364736383936265
0.5203468979319547,29.036809599191365
0.5403602401601068,26.284112668985124
0.5603735823882589,24.711057346310398
0.580386924616411,25.966695042408084
0.600400266844563,23.00133015220348
0.6204136090727151,25.81418596612294
0.6404269513008672,29.862624272693434
0.6604402935290193,21.80451684980047
0.6804536357571714,28.584090078259422
0.7004669779853235,32.90670253426313
0.7204803202134756,31.329024581065234
0.7404936624416277,34.61224055875316
0.7605070046697798,35.18074498424676
0.7805203468979319,28.641885942737087
0.800533689126084,20.564017434287287
0.8205470313542361,28.08930908866986
0.8405603735823882,31.787571553381483
0.8605737158105403,21.445064774189767
0.8805870580386924,15.200575386681027
0.9006004002668445,33.89050575023462
0.9206137424949966,32.73095868620301
0.9406270847231487,22.609289989674377
0.9606404269513009,30.808708636349508
0.980653769179453,25.68139144561347
1.0006671114076051,19.96353444498546
1.0206804536357572,40.31645769767533
1.0406937958639093,32.841832367187166
1.0607071380920614,27.22462017303737
1.0807204803202135,36.40740232133527
1.1007338225483656,33.97374293220935
1.1207471647765177,27.36739158902576
1.1407605070046698,29.07362818240237
1.160773849232822,44.306412587217395
1.180787191460974,18.959894446518106
1.200800533689126,27.453098888654637
1.2208138759172782,15.583573408264076
1.2408272181454303,24.012323993968348
1.2608405603735824,19.841483309688815
1.2808539026017345,27.124215482531504
1.3008672448298866,28.14822330700284
1.3208805870580387,20.506474963759025
1.3408939292861908,26.453406310812806
1.3609072715143429,29.960881313535243
1.380920613742495,37.624970187500764
1.400933955970647,20.78830372186394
1.4209472981987992,23.832039923586002
1.4409606404269513,31.68713459515161
1.4609739826551034,31.804071764691447
1.4809873248832555,28.7109317143162
1.5010006671114076,26.45981949798986
1.5210140093395597,16.859063437684974
1.5410273515677118,39.1685767462408
1.5610406937958639,27.011948496094774
1.581054036024016,28.70837848118758
1.601067378252168,29.452678184798927
1.6210807204803201,32.00173187717462
1.6410940627084722,32.644535484525534
1.6611074049366243,24.41867457215025
1.6811207471647764,25.91075857579248
1.7011340893929285,31.021265673369193
1.7211474316210806,33.50052675084281
1.7411607738492327,24.223417042952867
1.7611741160773848,33.06534468582208
1.781187458305537,30.07245535075019
1.801200800533689,27.316660887077575
1.8212141427618411,33.653278803232574
1.8412274849899932,16.863665493754553
1.8612408272181453,21.799638545052776
1.8812541694462974,25.240341240190578
1.9012675116744495,25.66422858747591
1.9212808539026018,36.45374796726965
1.941294196130754,28.212597492184152
1.961307538358906,22.9453637607007
1.9813208805870581,26.076638441961894
2.0013342228152102,34.83673586926175
2.0213475650433623,34.99395657933526
2.0413609072715144,31.86661344476279
2.0613742494996665,36.522313413165534
2.0813875917278186,32.433509352575975
2.1014009339559707,23.329231898019245
2.121414276184123,24.843135736024063
2.141427618412275,25.970164355828242
2.161440960640427,37.60111858936507
2.181454302868579,26.364052968587828
2.201467645096731,26.63763972448732
2.2214809873248833,31.222787354006226
2.2414943295530354,29.95704354156814
2.2615076717811875,30.01870532537622
2.2815210140093396,24.50332330541007
2.3015343562374917,32.34218229298161
2.321547698465644,34.053822208711296
2.341561040693796,20.29320548620033
2.361574382921948,25.240357857861962
2.3815877251501,28.309739182631414
2.401601067378252,25.09994279240817
2.4216144096064043,23.33621924287599
2.4416277518345564,33.74535116230783
2.4616410940627085,30.643834481139585
2.4816544362908606,29.815074159806407
2.5016677785190127,13.191922984105158
2.5216811207471648,32.66377496741363
2.541694462975317,24.286283003246137
2.561707805203469,42.82007844182847
2.581721147431621,35.78453532356482
2.601734489659773,34.5300959250053
2.6217478318879253,26.603989002746644
2.6417611741160774,27.82235186547595
2.6617745163442295,34.98486929902583
2.6817878585723816,25.912451637261707
2.7018012008005337,39.253567125712216
2.7218145430286858,29.312306592830357
2.741827885256838,32.95680717464292
2.76184122748499,45.58355499475728
2.781854569713142,30.00747500355894
2.801867911941294,22.833865761275494
2.8218812541694462,23.653655536715405
2.8418945963975983,32.328675470385114
2.8619079386257504,37.386119185264015
2.8819212808539025,28.51418043148007
2.9019346230820546,37.29045997478167
2.9219479653102067,22.1246407097488
2.941961307538359,19.413401846820616
2.961974649766511,21.423711138920105
2.981987991994663,12.06524785515354
3.002001334222815,30.140977241106928
3.022014676450967,31.325798915072887
3.0420280186791193,31.257534222482953
3.0620413609072714,32.81606869617323
3.0820547031354235,30.129100653526454
3.1020680453635756,23.299602059415044
3.1220813875917277,29.492708588530835
3.14209472981988,33.62068570146206
3.162108072048032,19.677505545668975
3.182121414276184,30.161822265098568
3.202134756504336,19.647006849396035
3.222148098732488,37.20483848691063
3.2421614409606403,24.157013104683692
3.2621747831887924,35.44009503126614
3.2821881254169445,22.499566165002133
3.3022014676450966,18.438496814509552
3.3222148098732487,11.993289138189539
3.342228152101401,28.43656615301137
3.362241494329553,30.526909815904464
3.382254836557705,20.1305314613796
3.402268178785857,30.789306980791945
3.422281521014009,23.661107544248885
3.4422948632421613,30.25772866584699
3.4623082054703134,25.45569940454663
3.4823215476984655,24.4225554331493
3.5023348899266176,32.1900338200296
3.5223482321547697,32.200309282180385
3.5423615743829218,29.261545500738222
3.562374916611074,22.811233401244127
3.582388258839226,35.568407103299194
3.602401601067378,17.172155397328705
3.62241494329553,22.02407964138288
3.6424282855236823,19.98898930647006
3.6624416277518343,34.51523416600013
3.6824549699799864,32.3248215892988
3.7024683122081385,33.21992786182675
3.7224816544362906,24.578396184740825
3.7424949966644427,34.831778305974915
3.762508338892595,28.39569437268375
3.782521681120747,23.133073794279294
3.802535023348899,30.582998047242388
3.822548365577051,30.24606785768752
3.8425617078052037,29.149797028586566
3.8625750500333558,22.66087610181186
3.882588392261508,16.57227523622339
3.90260173448966,29.24754485755821
3.922615076717812,19.466608126324765
3.942628418945964,34.21192304829574
3.9626417611741163,25.94348955003616
3.9826551034022684,37.23416569704853
4.0026684456304205,37.553184355118034
4.0226817878585726,32.39828389688481
4.042695130086725,22.800368219477303
4.062708472314877,21.867666580897797
4.082721814543029,24.588273528004542
4.102735156771181,26.022103945706
4.122748498999333,28.81919841645174
4.142761841227485,36.70547128307514
4.162775183455637,27.89519456969375
4.182788525683789,36.76952094059561
4.202801867911941,43.05848901538056
4.2228152101400935,29.396077839993012
4.242828552368246,29.079523061634227
4.262841894596398,21.94632715889266
4.28285523682455,26.428782272230496
4.302868579052702,25.247541462424536
4.322881921280854,24.591560040857612
4.342895263509006,37.712618541234235
4.362908605737158,19.717032518741576
4.38292194796531,32.34038556004415
4.402935290193462,25.893596168573556
4.4229486324216145,42.536448653662646
4.442961974649767,25.516794544461252
4.462975316877919,27.76480016170016
4.482988659106071,28.184405411429523
4.503002001334223,33.263413068424136
4.523015343562375,29.95361872807933
4.543028685790527,38.596565272266076
4.563042028018679,24.594800631387123
4.583055370246831,21.627911689664167
4.603068712474983,25.754141262051608
4.6230820547031355,17.15242740468861
4.643095396931288,31.273576759986867
4.66310873915944,18.75098504257125
4.683122081387592,19.83055288628943
4.703135423615744,30.988061832345654
4.723148765843896,26.877693349186675
4.743162108072048,28.469291338309358
4.7631754503002,31.769824249383326
4.783188792528352,33.34734905034459
4.803202134756504,35.97744876894451
4.8232154769846565,16.747591427321396
4.843228819212809,24.284441352798375
4.863242161440961,31.12788641245704
4.883255503669113,30.346668657730167
4.903268845897265,20.21799282195782
4.923282188125417,23.198325121271598
4.943295530353569,24.900855557523535
4.963308872581721,30.996006452851745
4.983322214809873,23.137650541302477
5.003335557038025,35.93578293272883
5.0233488992661774,39.90891119043211
5.0433622414943295,27.97559329821975
5.063375583722482,25.03918164689108
5.083388925950634,30.392801218582562
5.103402268178786,22.47189577356827
5.123415610406938,22.83585634811699
5.14342895263509,41.58534795958853
5.163442294863242,27.63852112569093
5.183455637091394,23.97296136475772
5.203468979319546,33.38998707681921
5.223482321547698,30.715775235949227
5.2434956637758505,24.80506843704432
5.263509006004003,30.90940692755883
5.283522348232155,27.230774686600242
5.303535690460307,24.87149045420432
5.323549032688459,27.993705326471037
5.343562374916611,27.959300202395273
5.363575717144763,29.51450180717717
5.383589059372915,20.872768002581413
5.403602401601067,40.897528996856494
5.423615743829219,28.475722626539707
5.4436290860573715,29.085459577765306
5.463642428285524,34.13104055469902
5.483655770513676,23.98844376410095
5.503669112741828,30.180161162774734
5.52368245496998,19.043894397220225
5.543695797198132,19.44271843283463
5.563709139426284,31.46503057198719
5.583722481654436,29.516732388320893
5.603735823882588,28.77521115118237
5.62374916611074,32.251974329058136
5.6437625083388925,20.712574126959105
5.663775850567045,20.81519979870491
5.683789192795197,20.665559583236732
5.703802535023349,30.969181254379574
5.723815877251501,28.90414377431299
5.743829219479653,26.022501682432594
5.763842561707805,32.13097171555623
5.783855903935957,32.158632498631036
5.803869246164109,27.646926330363595
5.823882588392261,17.55213467026421
5.8438959306204135,24.40874442026788
5.863909272848566,21.886788021910064
5.883922615076718,27.30568215862133
5.90393595730487,28.729856929932648
5.923949299533022,26.469644857205854
5.943962641761174,26.191742214709727
5.963975983989326,23.52067928844456
5.983989326217478,30.506774197650017
6.00400266844563,27.30014267099639
6.024016010673782,27.460782470965647
6.044029352901934,32.173130607334095
6.0640426951300865,36.04656102684073
6.084056037358239,21.24237987165079
6.104069379586391,24.397167832127675
6.124082721814543,21.684443651854615
6.144096064042695,35.51941448787415
6.164109406270847,30.651434844278825
6.184122748498999,26.417143197384735
6.204136090727151,28.105960982310172
6.224149432955303,28.60864478956396
6.244162775183455,26.01128109990943
6.2641761174116075,26.62583170349801
6.28418945963976,25.250131884444457
6.304202801867912,38.81288509112029
6.324216144096064,28.54708648397472
6.344229486324216,27.195774824928762
6.364242828552368,29.73654506358204
6.38425617078052,32.28378745147333
6.404269513008672,34.87439752378671
6.424282855236824,39.47181521192951
6.444296197464976,27.7832475688241
6.4643095396931285,34.66680901530212
6.484322881921281,10.758363086415063
6.504336224149433,29.82170171367818
6.524349566377585,30.421643208192553
6.544362908605737,27.29583501096532
6.564376250833889,30.663321741605216
6.584389593062041,29.619179280905787
6.604402935290193,32.34741515849063
6.624416277518345,31.466462834333626
6.644429619746497,24.335532509886487
6.6644429619746495,35.310715513784444
6.684456304202802,37.07719651870685
6.704469646430954,32.097755656079464
6.724482988659106,27.977183484217115
6.744496330887258,25.593616431152306
6.76450967311541,27.649835124426385
6.784523015343562,24.66686187815965
6.804536357571714,16.43040916814176
6.824549699799866,33.46326837924935
6.844563042028018,21.00446314941964
6.8645763842561704,27.695009195214215
6.8845897264843225,27.49528085123503
6.904603068712475,27.62090956116295
6.924616410940627,29.88412904521457
6.944629753168779,28.124155434387042
6.964643095396931,22.995475610048302
6.984656437625083,32.37324160292893
7.004669779853235,35.75545910733765
7.024683122081387,33.20452973805209
7.044696464309539,20.1345669574429
7.064709806537691,22.363544643615107
7.0847231487658435,26.17487010238182
7.104736490993996,27.022679397387
7.124749833222148,25.267924855281898
7.1447631754503,31.508441961737766
7.164776517678452,34.157129613519395
7.184789859906604,25.54765634940544
7.204803202134756,21.91512748514006
7.224816544362908,19.659914416651315
7.24482988659106,27.76041854543443
7.264843228819212,30.013204083257424
7.2848565710473645,30.435711487964927
7.304869913275517,29.371278793839483
7.324883255503669,27.20441832973941
7.344896597731821,13.663533725343367
7.364909939959973,26.90203531805313
7.384923282188125,27.881742703889692
7.404936624416277,28.738528492404182
7.424949966644429,18.91075911091641
7.444963308872581,23.734765512123502
7.464976651100733,20.591287922793114
7.4849899933288855,22.050624312826177
7.505003335557038,36.01282042427887
7.52501667778519,38.004934186563716
7.545030020013342,36.54252764798205
7.565043362241494,25.841582557514005
7.585056704469646,19.450042488699793
7.605070046697798,24.206068633187083
7.62508338892595,37.05158124225736
7.645096731154102,44.05897139149264
7.665110073382254,37.60497930924775
7.685123415610407,20.38020864917607
7.7051367578385594,27.980520439498875
7.7251501000667115,27.97160406054759
7.745163442294864,24.982219882768774
7.765176784523016,29.259667372876578
7.785190126751168,37.97575024047239
7.80520346897932,26.943768309733734
7.825216811207472,29.419028694699744
7.845230153435624,25.82610964403476
7.865243495663776,31.047788556914377
7.885256837891928,35.05318439850472
7.90527018012008,25.13634591460873
7.9252835223482325,30.127597613218388
7.945296864576385,38.71478530540209
7.965310206804537,32.63548202576817
7.985323549032689,24.141063746052964
8.005336891260841,32.59898888169741
8.025350233488993,41.791723900637365
8.045363575717145,38.134772262777126
8.065376917945297,31.79513938343188
8.08539026017345,26.360323475060408
8.105403602401601,28.271407549786904
8.125416944629754,23.142982133982482
8.145430286857906,33.628108206168264
8.165443629086058,32.77096765549675
8.18545697131421,22.41270569141035
8.205470313542362,26.793266748747662
8.225483655770514,31.419744517442645
8.245496997998666,27.759857371947483
8.265510340226818,27.895905029570738
8.28552368245497,23.477397591685374
8.305537024683122,24.457797829225928
8.325550366911274,27.810020991854294
8.345563709139427,36.707920877640305
8.365577051367579,23.21964893568685
8.38559039359573,25.541600364119116
8.405603735823883,37.642136544791796
8.425617078052035,29.339248986479213
8.445630420280187,24.176309532607284
8.46564376250834,29.98956642870603
8.485657104736491,32.37469365090404
8.505670446964643,30.897999749800768
8.525683789192795,18.647193513917657
8.545697131420948,22.89744922383006
8.5657104736491,31.23567594752012
8.585723815877252,34.698271491243055
8.605737158105404,24.16687133125202
8.625750500333556,32.1198439120804
8.645763842561708,22.137823014993053
8.66577718478986,23.62719049427633
8.685790527018012,26.226352436947305
8.705803869246164,26.899206353262574
8.725817211474316,25.47411915508909
8.745830553702469,29.438769504370196
8.76584389593062,37.114818051800896
8.785857238158773,24.758462460417913
8.805870580386925,25.3924975202266
8.825883922615077,27.029481929869714
8.845897264843229,39.0097884043641
8.865910607071381,18.445648557951685
8.885923949299533,25.35607822631881
8.905937291527685,31.172724314533117
8.925950633755837,32.64701168583221
8.94596397598399,21.483395925826816
8.965977318212142,19.27637016121703
8.985990660440294,32.18174555097647
9.006004002668446,35.17387705556389
9.026017344896598,36.058796396236325
9.04603068712475,24.413284449368888
9.066044029352902,23.84975051765757
9.086057371581054,29.242776213664204
9.106070713809206,43.36787937882335
9.126084056037358,32.64502292433012
9.14609739826551,23.35216203532236
9.166110740493663,33.158036012304976
9.186124082721815,32.94859432149069
9.206137424949967,20.768798515629953
9.226150767178119,28.466289133895526
9.246164109406271,28.06968432081768
9.266177451634423,28.2723556200554
9.286190793862575,28.48895165454775
9.306204136090727,21.007624368859418
9.32621747831888,22.56160263505906
9.346230820547031,28.408891005160985
9.366244162775184,27.234099926774118
9.386257505003336,40.79897770371454
9.406270847231488,25.60036102770842
9.42628418945964,24.427445943132767
9.446297531687792,21.49543323771702
9.466310873915944,40.881983856105236
9.486324216144096,28.57984057596104
9.506337558372248,32.912482948741925
9.5263509006004,24.341705697076012
9.546364242828552,26.603426871228475
9.566377585056705,28.18423670228871
9.586390927284857,26.880533820494033
9.606404269513009,25.307577847249583
9.62641761174116,25.800446919229685
9.646430953969313,29.7464609373715
9.666444296197465,32.92593178579977
9.686457638425617,31.908992079716484
9.70647098065377,27.60313350627403
9.726484322881921,28.240710602207123
9.746497665110073,36.39436194137237
9.766511007338226,23.111480857657988
9.786524349566378,34.25255296228244
9.80653769179453,24.694220022148592
9.826551034022682,29.205205674613566
9.846564376250834,31.37210573290397
9.866577718478986,23.728955933135662
9.886591060707138,23.973614616210103
9.90660440293529,25.02458202503791
9.926617745163442,36.21650783880925
9.946631087391594,26.461860908744065
9.966644429619747,20.096855957753146
9.986657771847899,25.146795492363985
10.00667111407605,23.527211899404126
10.026684456304203,37.5230814839553
10.046697798532355,29.410415217762264
10.066711140760507,39.12480372920234
10.086724482988659,32.007807442970304
10.106737825216811,16.140580770055834
10.126751167444963,26.56474627872525
10.146764509673115,25.535988693942592
10.166777851901267,31.993162629616336
10.18679119412942,21.183129113484075
10.206804536357572,36.37440430512804
10.226817878585724,27.35295777442466
10.246831220813876,27.306925644251262
10.266844563042028,21.983651025399098
10.28685790527018,26.192040969973206
10.306871247498332,21.43266623297795
10.326884589726484,22.189076374713835
10.346897931954636,35.014376574265256
10.366911274182788,37.082690173207524
10.38692461641094,12.862645084369651
10.406937958639093,29.36565012114333
10.426951300867245,26.17043682497338
10.446964643095397,31.48606923661447
10.466977985323549,37.826675180046784
10.486991327551701,38.22366823520934
10.507004669779853,32.41874868573489
10.527018012008005,29.69548012012765
10.547031354236157,29.658577062106506
10.56704469646431,33.14253416176833
10.587058038692462,40.556910128059926
10.607071380920614,31.531744134357172
10.627084723148766,30.469177940959824
10.647098065376918,26.560050970690856
10.66711140760507,23.629094969870337
10.687124749833222,26.088120017838463
10.707138092061374,24.66318491694351
10.727151434289526,19.643341290716045
10.747164776517678,17.237509622917745
10.76717811874583,27.866146835523477
10.787191460973983,29.82959619285544
10.807204803202135,31.54109669212529
10.827218145430287,18.91656782958142
10.847231487658439,23.900248309857705
10.867244829886591,29.45295251375808
10.887258172114743,28.310620703133644
10.907271514342895,20.491658816498457
10.927284856571047,28.764043913975275
10.9472981987992,33.646513740208974
10.967311541027351,22.231135555052365
10.987324883255503,30.794442664517543
11.007338225483656,24.018299459011452
11.027351567711808,39.614035979960335
11.04736490993996,32.78284145975755
11.067378252168112,27.165350941460623
11.087391594396264,39.55269900362819
11.107404936624416,31.86194801608467
11.127418278852568,27.824442643901303
11.14743162108072,41.27933359973555
11.167444963308872,31.144879247380054
11.187458305537024,21.070003741196697
11.207471647765177,28.431494490328976
11.227484989993329,23.216433664706006
11.24749833222148,30.969448461145262
11.267511674449633,27.539398598387045
11.287525016677785,26.615463199247685
11.307538358905937,29.295456160029396
11.32755170113409,29.56131583667564
11.347565043362241,24.13750998980992
11.367578385590393,24.688529130003207
11.387591727818545,23.477944388964218
11.407605070046698,31.769378744186458
11.42761841227485,37.40687333001597
11.447631754503002,24.580241403998407
11.467645096731154,36.66990995803376
11.487658438959306,26.534185831278243
11.507671781187458,19.77603358626851
11.52768512341561,25.864079706275042
11.547698465643762,24.3325037346837
11.567711807871914,28.756360048519426
11.587725150100066,38.330933787803765
11.607738492328219,19.68392373761181
11.62775183455637,32.35781696229172
11.647765176784523,26.68041992866097
11.667778519012675,30.51628998160347
11.687791861240827,23.21907754948443
11.707805203468979,43.40903948254734
11.727818545697131,32.40472249636898
11.747831887925283,30.340030049237633
11.767845230153435,24.845277009263604
11.787858572381587,34.80940677545392
11.80787191460974,38.50801363706897
11.827885256837892,23.78966518276812
11.847898599066044,23.652166653317675
11.867911941294196,30.354095165701054
11.887925283522348,34.8452768616472
11.9079386257505,26.98872686648145
11.927951967978652,26.5545046996828
11.947965310206804,30.31719775694297
11.967978652434956,35.746259750101295
11.987991994663108,30.14924383075524
12.00800533689126,23.187486540516723
12.028018679119413,32.48212219316038
12.048032021347565,28.300047532145157
12.068045363575717,20.910390657699416
12.088058705803869,24.929703618557873
12.108072048032021,26.516622623330708
12.128085390260173,32.99180630635038
12.148098732488325,25.25407987575444
12.168112074716477,36.77596742062585
12.18812541694463,29.397696807104417
12.208138759172781,25.63108988282254
12.228152101400934,19.5822074171767
12.248165443629086,24.596453911337253
12.268178785857238,22.219800547113763
12.28819212808539,24.621605235439308
12.308205470313542,17.850799137913715
12.328218812541694,29.673200696642844
12.348232154769846,24.213306699722832
12.368245496997998,18.55678365981057
12.38825883922615,31.471642327700916
12.408272181454302,20.801804323859987
12.428285523682455,32.78334712879433
12.448298865910607,35.36866672568816
12.468312208138759,41.6001629176572
12.48832555036691,20.62767935602595
12.508338892595063,22.611526905852052
12.528352234823215,27.86384869510138
12.548365577051367,26.587145059246897
12.56837891927952,29.41881859742466
12.588392261507671,18.803536087040257
12.608405603735823,23.187277556006954
12.628418945963976,21.99728699170477
12.648432288192128,28.760601954248695
12.66844563042028,34.92589739584792
12.688458972648432,21.169325969202188
12.708472314876584,25.984050705156207
12.728485657104736,29.753275572093315
12.748498999332888,15.527586594684426
12.76851234156104,23.925281179400287
12.788525683789192,24.58095725577762
12.808539026017344,40.92287653462754
12.828552368245496,35.633768418813986
12.848565710473649,39.202561547044766
12.8685790527018,31.223071073608363
12.888592394929953,34.976297364300066
12.908605737158105,27.409504218813293
12.928619079386257,21.917731275893754
12.948632421614409,17.11409913850795
12.968645763842561,38.1957586737276
12.988659106070713,34.18020406047295
13.008672448298865,33.9435081403482
13.028685790527017,29.264744930188822
13.04869913275517,31.929092414122973
13.068712474983322,20.68910143660133
13.088725817211474,26.159976335861952
13.108739159439626,32.37593693106215
13.128752501667778,24.4578957685823
13.14876584389593,26.88656530898353
13.168779186124082,12.065166692985084
13.188792528352234,37.94951000007518
13.208805870580386,34.457840456340094
13.228819212808538,36.41855178736439
13.24883255503669,31.183436229595205
13.268845897264843,25.76920825076516
13.288859239492995,32.02873950690282
13.308872581721147,22.26721717425848
13.328885923949299,29.70504826347544
13.348899266177451,32.39733830253515
13.368912608405603,21.616169230722328
13.388925950633755,28.439113400369564
13.408939292861907,29.189785620830275
13.42895263509006,25.54053617439326
13.448965977318212,27.26702369389432
13.468979319546364,28.317168231328342
13.488992661774516,34.927650271460315
13.509006004002668,34.88104603166026
13.52901934623082,30.154967227505225
13.549032688458972,23.549001149707735
13.569046030687124,34.05758727215248
13.589059372915276,40.467046637069444
13.609072715143428,27.013473245316863
13.62908605737158,24.343689207236622
13.649099399599733,17.08891123640182
13.669112741827885,23.568734571173685
13.689126084056037,24.630744794844787
13.709139426284189,30.228990069414408
13.729152768512341,24.697008635060627
13.749166110740493,30.537136523074725
13.769179452968645,26.765399389504772
13.789192795196797,23.246358092445266
13.80920613742495,28.43101487187
13.829219479653101,25.570664153725893
13.849232821881253,27.800331016804552
13.869246164109406,24.368652416072997
13.889259506337558,25.03099411877171
13.90927284856571,35.82807920859301
13.929286190793862,24.96761953626508
13.949299533022014,18.823585973987516
13.969312875250166,37.24157052028319
13.989326217478318,26.047530033161237
14.00933955970647,32.1121061178277
14.029352901934622,33.84315742753651
14.049366244162774,40.60337071959158
14.069379586390927,31.459193927391034
14.089392928619079,23.27342936850939
14.10940627084723,22.723933050104357
14.129419613075383,32.262943096128524
14.149432955303535,24.254900688702897
14.169446297531687,21.414574836772452
14.18945963975984,23.24329587830119
14.209472981987991,32.728597258894304
14.229486324216143,24.912717924866975
14.249499666444295,27.99009882297373
14.269513008672448,19.738533689701043
14.2895263509006,29.487804336155516
14.309539693128752,26.878270328761037
14.329553035356904,34.28359688205313
14.349566377585056,31.874472100833906
14.369579719813208,16.108975971310105
14.38959306204136,26.80127828866733
14.409606404269512,23.49981224350524
14.429619746497664,32.34634509708043
14.449633088725816,33.78723417290814
14.469646430953969,30.29309522780559
14.48965977318212,44.196811910151446
14.509673115410273,26.297838842723
14.529686457638425,23.548516962946792
14.549699799866577,28.442061110695253
14.569713142094729,31.790534150705323
14.589726484322881,32.2554095904365
14.609739826551033,22.908135058538946
14.629753168779185,31.149991490617694
14.649766511007337,42.629151332273075
14.66977985323549,30.62176281134466
14.689793195463642,24.68274187254045
14.709806537691794,26.61137088518344
14.729819879919946,26.79190695829957
14.749833222148098,26.908592013965666
14.76984656437625,19.84079986005952
14.789859906604402,23.28409084661584
14.809873248832554,23.93828891645945
14.829886591060706,24.65868022651569
14.849899933288858,18.87993696663669
14.86991327551701,40.21861597421027
14.889926617745163,25.533111235752155
14.909939959973315,33.286958325372304
14.929953302201467,30.390538441741285
14.949966644429619,24.355470466588084
14.969979986657771,12.178975795859882
14.989993328885923,42.55354283601188
15.010006671114075,26.54108318556485
15.030020013342227,22.904782359312357
15.05003335557038,22.76373080806413
15.070046697798531,24.827357115202965
15.090060040026684,27.2946453584485
15.110073382254836,31.472146452544827
15.130086724482988,31.522536189440686
15.15010006671114,34.607965920635294
15.170113408939292,25.908411148994244
15.190126751167444,26.34512828804153
15.210140093395596,18.403036469421416
15.230153435623748,28.151391914637518
15.2501667778519,35.82795874346176
15.270180120080052,42.17469775817733
15.290193462308205,32.474669003694935
15.310206804536357,32.19609440513037
15.330220146764509,25.38642917082436
15.35023348899266,30.61891506754637
15.370246831220815,17.042529316747903
15.390260173448967,23.825250808320313
15.410273515677119,29.294074919425015
15.430286857905271,21.917950636830128
15.450300200133423,26.76826801974715
15.470313542361575,32.4170520997824
15.490326884589727,22.05216546135609
15.51034022681788,22.929909922813245
15.530353569046031,30.103637803822735
15.550366911274184,28.750367035950394
15.570380253502336,30.248540621602118
15.590393595730488,27.36594516783836
15.61040693795864,23.419222952373573
15.630420280186792,33.27011163477188
15.650433622414944,28.51747091335329
15.670446964643096,35.97907024272324
15.690460306871248,35.132562113382136
15.7104736490994,31.084808358637943
15.730486991327552,34.684679233333476
15.750500333555705,19.65825386463502
15.770513675783857,21.01859301811463
15.790527018012009,31.917732947515677
15.81054036024016,28.494663620397098
15.830553702468313,27.47799412868924
15.850567044696465,30.340579394975332
15.870580386924617,6.2073917895854365
15.89059372915277,31.661095344298353
15.910607071380921,35.36412162486184
15.930620413609073,29.834274955485697
15.950633755837226,36.623509501835564
15.970647098065378,23.25354208832308
15.99066044029353,25.927013633508558
16.010673782521682,28.973594756632792
16.030687124749832,19.60887439565211
16.050700466977986,29.94425161756377
16.070713809206136,29.13045806431188
16.09072715143429,31.011272304715174
16.11074049366244,27.53408702735277
16.130753835890594,39.64101415021272
16.150767178118745,28.554335988802528
16.1707805203469,19.14625879334606
16.19079386257505,31.431259738051438
16.210807204803203,38.13064202613403
16.230820547031353,36.04360416610242
16.250833889259507,21.06095223669427
16.270847231487657,34.96706014066511
16.29086057371581,29.157109598973953
16.31087391594396,32.41657043608348
16.330887258172115,29.184889737077746
16.350900600400266,26.731942771583938
16.37091394262842,28.496645274447737
16.39092728485657,40.61933912440705
16.410940627084724,29.006884430986418
16.430953969312874,29.60763834100939
16.450967311541028,23.80468903143364
16.47098065376918,24.50926768427646
16.490993995997332,30.839625798339075
16.511007338225482,37.103006291713285
16.531020680453636,41.79343981451338
16.551034022681787,27.81497771548434
16.57104736490994,24.93341346193627
16.59106070713809,30.33914124492803
16.611074049366245,33.347977147235596
16.631087391594395,24.488156107036307
16.65110073382255,28.808595945229165
16.6711140760507,30.035885041870053
16.691127418278853,36.19300022365362
16.711140760507003,16.83345718594661
16.731154102735157,33.533242080735526
16.751167444963308,28.992166676905182
16.77118078719146,27.881359065953806
16.791194129419612,24.669281667698005
16.811207471647766,27.479519889407943
16.831220813875916,26.194493525956258
16.85123415610407,22.27811456887921
16.87124749833222,26.432361913925725
16.891260840560374,38.683646353591065
16.911274182788524,19.459001138777158
16.93128752501668,17.005694706726942
16.95130086724483,33.468756365879635
16.971314209472983,26.800965154907338
16.991327551701133,31.203275024181046
17.011340893929287,22.898794656224293
17.031354236157437,29.387783027158015
17.05136757838559,33.99612850493022
17.07138092061374,26.24310262542693
17.091394262841895,36.30905933012601
17.111407605070045,19.36837391736313
17.1314209472982,15.974790195690531
17.15143428952635,28.910840541916613
17.171447631754504,24.919289731822467
17.191460973982654,21.46663209993455
17.211474316210808,33.20964941724978
17.231487658438958,32.81287434544856
17.251501000667112,31.794210691872625
17.271514342895262,23.646546702474424
17.291527685123416,32.54717455450127
17.311541027351566,30.908477470921046
17.33155436957972,37.000198117188994
17.35156771180787,30.701037831790046
17.371581054036024,19.65612562396403
17.391594396264175,30.5212969030738
17.41160773849233,23.011141273871033
17.43162108072048,25.690007825094877
17.451634422948633,24.42249084090394
17.471647765176783,35.335205894202886
17.491661107404937,25.327971422563216
17.511674449633087,31.151811494341906
17.53168779186124,28.01598873261931
17.55170113408939,26.0942593056241
17.571714476317545,25.783469334828013
17.591727818545696,41.79393777657306
17.61174116077385,25.829314596407436
17.631754503002,22.494132668794208
17.651767845230154,31.790713897432717
17.671781187458304,28.84781937602614
17.691794529686458,33.94574553844362
17.71180787191461,31.46317163511816
17.731821214142762,33.139720927401356
17.751834556370913,41.57860176580001
17.771847898599066,26.01460698165302
17.791861240827217,32.33448322193965
17.81187458305537,24.083365482600534
17.83188792528352,32.09880264193034
17.851901267511675,28.424173817381977
17.871914609739825,36.83201866913983
17.89192795196798,16.396874187182448
17.91194129419613,30.35824995314814
17.931954636424283,28.796223240409763
17.951967978652434,29.76384220184948
17.971981320880587,29.104799124702296
17.991994663108738,37.674781383414285
18.01200800533689,34.331948258676164
18.032021347565042,32.76100069510332
18.052034689793196,35.95790322957767
18.072048032021346,42.31355278351176
18.0920613742495,19.847282584558315
18.11207471647765,36.14874402042756
18.132088058705804,29.965343036087614
18.152101400933955,31.752214725751845
18.17211474316211,32.36439371825448
18.19212808539026,45.83830348713627
18.212141427618413,20.85661382475483
18.232154769846563,27.703361970748087
18.252168112074717,20.7525608235334
18.272181454302867,26.887661668768512
18.29219479653102,29.593125144739133
18.31220813875917,23.668598740593644
18.332221480987325,35.4263081898261
18.352234823215476,12.648801635966809
18.37224816544363,34.59930229211702
18.39226150767178,32.62820271845755
18.412274849899934,25.649965574765535
18.432288192128084,30.988057243339878
18.452301534356238,21.695138124866958
18.472314876584388,31.407197640283457
18.492328218812542,25.145712525732723
18.512341561040692,21.135273811048684
18.532354903268846,24.827895457502265
18.552368245496996,22.29063983513487
18.57238158772515,15.235178194879154
18.5923949299533,34.079829814960675
18.612408272181455,18.87568693637268
18.632421614409605,35.16693378616288
18.65243495663776,41.47001789947401
18.67244829886591,32.65062440116133
18.692461641094063,32.28813481308657
18.712474983322213,33.1817384514399
18.732488325550367,22.048653503806577
18.752501667778517,29.127003846277645
18.77251501000667,24.036081304401446
18.79252835223482,30.916958178329025
18.812541694462976,22.888751401987612
18.832555036691126,27.89956815824758
18.85256837891928,26.72721462342407
18.87258172114743,36.32539977006943
18.892595063375584,32.584478597288914
18.912608405603734,31.37313639586329
18.932621747831888,22.266930058597946
18.95263509006004,26.67917586423873
18.972648432288192,26.65707362599226
18.992661774516343,26.92242792278711
19.012675116744497,25.716827989024647
19.032688458972647,29.23976912625964
19.0527018012008,28.961210031292183
19.07271514342895,28.1553170558428
19.092728485657105,26.264179673043927
19.112741827885255,24.327260364182358
19.13275517011341,36.48766879711584
19.15276851234156,23.59128629237784
19.172781854569713,25.624742692014863
19.192795196797864,22.103732195956972
19.212808539026017,19.88038165844616
19.232821881254168,30.21252421260612
19.25283522348232,32.65749756336082
19.272848565710472,30.99777625218215
19.292861907938626,29.718396207243195
19.312875250166776,35.60536996381279
19.33288859239493,40.01295139979837
19.35290193462308,23.183827839794418
19.372915276851234,25.342490237418314
19.392928619079385,26.64676226170702
19.41294196130754,28.29531748827288
19.43295530353569,33.91608077500331
19.452968645763843,26.60752254718266
19.472981987991993,28.68910727718593
19.492995330220147,39.02220407960484
19.513008672448297,36.71643446606886
19.53302201467645,31.538579949956137
19.5530353569046,35.35360484737018
19.573048699132755,28.606245924972082
19.593062041360906,22.888742962158616
19.61307538358906,27.847441358226728
19.63308872581721,28.660423283272348
19.653102068045364,25.43901597352358
19.673115410273514,21.81769504452205
19.693128752501668,25.54418529641095
19.713142094729818,35.276664516623576
19.733155436957972,34.784090273767376
19.753168779186122,26.709099800821612
19.773182121414276,17.790938352490336
19.793195463642427,22.028170173317864
19.81320880587058,19.307347195766248
19.83322214809873,24.68301748534563
19.853235490326885,29.53974692265233
19.873248832555035,34.52715352941136
19.89326217478319,23.73974374287761
19.91327551701134,31.884575455192433
19.933288859239493,37.32417846695705
19.953302201467643,25.109982711847064
19.973315543695797,31.3826302229637
19.993328885923948,26.70685585400081
20.0133422281521,19.03051845494368
20.03335557038025,23.49103144590169
20.053368912608406,30.584632090261902
20.073382254836556,18.1635892121432
20.09339559706471,25.011541457953097
20.11340893929286,24.136406451551416
20.133422281521014,19.55346994317968
20.153435623749164,18.077956658578408
20.173448965977318,17.191269844385936
20.19346230820547,29.56403407876995
20.213475650433622,21.141265894550177
20.233488992661773,24.047412163126808
20.253502334889927,30.686978758430527
20.273515677118077,33.79976326906699
20.29352901934623,33.81362054906924
20.31354236157438,27.783033386446395
20.333555703802535,32.497653277182934
20.353569046030685,36.35942637893008
20.37358238825884,34.91330810920154
20.39359573048699,24.44257774959616
20.413609072715143,34.78399675720389
20.433622414943294,31.95375097771934
20.453635757171448,27.263230121860932
20.473649099399598,29.395210319059164
20.49366244162775,32.12773279218594
20.513675783855906,31.034632729883025
20.533689126084056,26.120252565747546
20.55370246831221,27.688149799853417
20.57371581054036,35.504115102432024
20.593729152768514,17.445786613443723
20.613742494996664,25.539123988270177
20.633755837224818,19.743709845846446
20.65376917945297,30.47412723721578
20.673782521681122,26.358464354639313
20.693795863909273,30.693702771326407
20.713809206137427,32.10369625321313
20.733822548365577,30.376955472399636
20.75383589059373,27.296232393747236
20.77384923282188,32.10149900372387
20.793862575050035,28.087831598056592
20.813875917278185,20.185572229317735
20.83388925950634,18.135732137200684
20.85390260173449,21.020306316403044
20.873915943962643,27.671060555021736
20.893929286190794,9.113183432416683
20.913942628418948,18.082505649050866
20.933955970647098,31.892136494105966
20.95396931287525,24.350504125117016
20.973982655103402,28.86313818090476
20.993995997331556,26.361323039164514
21.014009339559706,18.757408819766496
21.03402268178786,27.45623055250935
21.05403602401601,21.93410754644686
21.074049366244164,27.597541699809394
21.094062708472315,22.67852248876291
21.11407605070047,32.31177113747766
21.13408939292862,35.40133471347448
21.154102735156773,27.420794808609813
21.174116077384923,27.550918359912302
21.194129419613077,28.19574685959234
21.214142761841227,24.1914350812681
21.23415610406938,15.005445765159884
21.25416944629753,33.01806045158877
21.274182788525685,33.239206528753755
21.294196130753836,18.362359930490197
21.31420947298199,27.12461420165164
21.33422281521014,21.96295808284738
21.354236157438294,17.40533878775439
21.374249499666444,27.441686830877963
21.394262841894598,25.887498364069444
21.41427618412275,31.159146059757393
21.434289526350902,27.44101568211112
21.454302868579052,31.612787065368135
21.474316210807206,23.575246589105753
21.494329553035357,35.55488076120093
21.51434289526351,29.498446812288304
21.53435623749166,27.600572276172674
21.554369579719815,18.706602884441992
21.574382921947965,33.369923210518195
21.59439626417612,35.77634644455457
21.61440960640427,29.824034470860514
21.634422948632423,29.560051795893422
21.654436290860573,24.12052974640423
21.674449633088727,21.482769476233138
21.694462975316878,26.44884942752721
21.71447631754503,25.936923380024954
21.734489659773182,32.031113954301794
21.754503002001336,21.453915972080786
21.774516344229486,33.20780075908815
21.79452968645764,24.40337485313811
21.81454302868579,27.211743231072884
21.834556370913944,21.954045714846238
21.854569713142094,29.958136941347313
21.87458305537025,27.14208091119072
21.8945963975984,19.309758881520658
21.914609739826552,28.741711237396288
21.934623082054703,34.39599287165221
21.954636424282857,15.026298331304435
21.974649766511007,27.86326293049649
21.99466310873916,24.656688215099713
22.01467645096731,29.084064215205583
22.034689793195465,21.417162552711225
22.054703135423615,35.86001143501963
22.07471647765177,34.99225571191384
22.09472981987992,29.96534973808831
22.114743162108073,33.739939252067146
22.134756504336224,31.05126279582472
22.154769846564378,36.20336495064999
22.174783188792528,25.958495528356984
22.194796531020682,35.04711605839469
22.214809873248832,29.975776254699948
22.234823215476986,37.524913662549366
22.254836557705136,33.01454093693605
22.27484989993329,23.64386337174411
22.29486324216144,20.07693811734196
22.314876584389594,27.429440750155777
22.334889926617745,35.31060443776131
22.3549032688459,26.819660071052798
22.37491661107405,28.964797825000616
22.394929953302203,28.095714787566898
22.414943295530353,27.78456721134987
22.434956637758507,26.6291791969457
22.454969979986657,29.879806215232573
22.47498332221481,26.8124155982964
22.49499666444296,19.783987374238148
22.515010006671115,33.73481343702193
22.535023348899266,27.285677465985483
22.55503669112742,35.051208069324545
22.57505003335557,26.803238779701264
22.595063375583724,29.440423682984477
22.615076717811874,31.771921911322295
22.635090060040028,39.71298001950734
22.65510340226818,22.06631644508867
22.675116744496332,36.12848089469115
22.695130086724483,17.422123881646662
22.715143428952636,29.435865359525057
22.735156771180787,26.650748912119326
22.75517011340894,29.64531263475996
22.77518345563709,22.039352358480187
22.795196797865245,26.475849160522905
22.815210140093395,30.45911808409986
22.83522348232155,34.86513734215755
22.8552368245497,19.04206890146088
22.875250166777853,32.339653435264545
22.895263509006003,20.67838692779478
22.915276851234157,24.792389701943613
22.935290193462308,21.600260454189634
22.95530353569046,34.34375854897614
22.975316877918612,34.62386196073701
22.995330220146766,28.120428508293752
23.015343562374916,16.706383347918283
23.03535690460307,28.777279507213922
23.05537024683122,35.544210828925245
23.075383589059374,28.594354836125678
23.095396931287524,26.221649692339014
23.11541027351568,26.669316929343506
23.13542361574383,22.177824227796282
23.155436957971983,39.055820691186405
23.175450300200133,29.60564338184584
23.195463642428287,29.082704127170988
23.215476984656437,29.714765372239135
23.23549032688459,24.627011681973322
23.25550366911274,15.330852958410244
23.275517011340895,40.89123867208926
23.295530353569045,28.527027594606416
23.3155436957972,25.53590585475376
23.33555703802535,36.75818439325196
23.355570380253504,22.48508319575063
23.375583722481654,22.43143010065969
23.395597064709808,20.87833514242287
23.415610406937958,30.622190606724576
23.435623749166112,16.99224707574068
23.455637091394262,23.06811665831097
23.475650433622416,32.4159725824785
23.495663775850566,25.006148476909758
23.51567711807872,20.56426648496933
23.53569046030687,30.578600674053273
23.555703802535024,23.587295534244692
23.575717144763175,33.59733518201448
23.59573048699133,30.11713717498282
23.61574382921948,40.18270378035586
23.635757171447633,31.82599888528608
23.655770513675783,29.01746417966679
23.675783855903937,23.48160610818695
23.695797198132087,28.212877371460614
23.71581054036024,31.920650343963878
23.73582388258839,29.6972468109814
23.755837224816545,18.909431104755257
23.775850567044696,26.115067920461783
23.79586390927285,30.268250674867577
23.815877251501,18.132587760366093
23.835890593729154,23.883815523128412
23.855903935957304,29.612255604122574
23.875917278185458,25.90520290945019
23.89593062041361,24.811030704482317
23.915943962641762,26.116392620708908
23.935957304869913,25.941243914599454
23.955970647098066,28.08381496071166
23.975983989326217,27.172455554904225
23.99599733155437,22.59074626414227
24.01601067378252,27.225934966502678
24.036024016010675,22.183024672079483
24.056037358238825,14.630042633099762
24.07605070046698,29.515284411713388
24.09606404269513,18.13895774984365
24.116077384923283,28.831616713727456
24.136090727151434,35.36820550657509
24.156104069379587,28.650896323128432
24.176117411607738,29.590683769474875
24.19613075383589,20.479131166534458
24.216144096064042,29.942509296909154
24.236157438292196,25.04999808602694
24.256170780520346,27.55711765098059
24.2761841227485,16.42792878253791
24.29619746497665,27.219838100105655
24.316210807204804,21.685993164538708
24.336224149432955,34.41189068483728
24.35623749166111,21.51467722473426
24.37625083388926,24.121360744377057
24.396264176117413,30.97360833967962
24.416277518345563,34.72123949289865
24.436290860573717,38.408222539806246
24.456304202801867,23.019192503600387
24.47631754503002,32.7614778835868
24.49633088725817,24.35404553691438
24.516344229486325,27.247938551255807
24.536357571714476,23.12138769522089
24.55637091394263,28.056459891198017
24.57638425617078,37.0159089482069
24.596397598398934,29.76715694060573
24.616410940627084,19.972197891674917
24.636424282855238,32.514066943459426
24.656437625083388,30.124903791403295
24.676450967311542,27.298987819142354
24.696464309539692,29.778316610488222
24.716477651767846,30.626030911120147
24.736490993995996,38.8646328764166
24.75650433622415,29.3173060530192
24.7765176784523,30.826863105744565
24.796531020680455,29.657173370622225
24.816544362908605,35.85077894117008
24.83655770513676,27.648176206251843
24.85657104736491,14.373407950519677
24.876584389593063,23.89558278853213
24.896597731821213,13.43016915772741
24.916611074049367,28.163492085446222
24.936624416277517,34.43383447072164
24.95663775850567,38.04572196859408
24.97665110073382,20.409145829781224
24.996664442961976,23.747067253291853
25.016677785190126,25.895660180907853
25.03669112741828,26.386370022220586
25.05670446964643,25.795530765666612
25.076717811874584,22.372466799340593
25.096731154102734,13.806810802849267
25.116744496330888,31.651825295059425
25.13675783855904,32.87959804962042
25.156771180787192,22.254553904233987
25.176784523015343,21.693670556598114
25.196797865243497,32.294581347763824
25.216811207471647,32.51227376890267
25.2368245496998,22.70470114954628
25.25683789192795,32.578341529797186
25.276851234156105,21.55128416333504
25.296864576384255,26.98218785672927
25.31687791861241,19.84756952685489
25.33689126084056,19.63571570593185
25.356904603068713,30.266858977772205
25.376917945296864,21.8659031801174
25.396931287525017,34.49408853096229
25.416944629753168,32.322580789423874
25.43695797198132,36.16514040068399
25.456971314209472,25.208576794602635
25.476984656437626,32.45113718847427
25.496997998665776,24.782512707345507
25.51701134089393,24.456263022656348
25.53702468312208,19.63486399705883
25.557038025350234,29.00299477412992
25.577051367578385,32.812164648539365
25.59706470980654,11.974946370733036
25.61707805203469,32.48977376432781
25.637091394262843,36.7575350854125
25.657104736490993,21.823142444263517
25.677118078719147,22.00437583876056
25.697131420947297,29.642459450176272
25.71714476317545,30.492846989088555
25.7371581054036,19.086015558721453
25.757171447631755,34.79725245120548
25.777184789859906,17.70877824478326
25.79719813208806,19.461768783672554
25.81721147431621,29.9400347693396
25.837224816544364,37.38459250197096
25.857238158772514,34.99475431269112
25.877251501000668,30.313661656280264
25.897264843228818,18.683017069013975
25.917278185456972,29.535582619541273
25.937291527685122,28.688247421354802
25.957304869913276,20.18246112574578
25.977318212141427,27.430691005028716
25.99733155436958,25.174794001596045
26.01734489659773,38.69485527066679
26.037358238825885,26.54749404624951
26.057371581054035,36.681346593854244
26.07738492328219,18.460397835906598
26.09739826551034,29.408596398731746
26.117411607738493,30.033809077808996
26.137424949966643,28.861832398803987
26.157438292194797,28.66404989762442
26.177451634422948,27.004145619972682
26.1974649766511,31.820257281188677
26.21747831887925,20.308399853067684
26.237491661107406,30.973504940015168
26.257505003335556,15.86002681542335
26.27751834556371,26.365249249381943
26.29753168779186,19.84562712382705
26.317545030020014,25.22779468689022
26.337558372248164,26.39609395284789
26.357571714476318,25.967394577729806
26.37758505670447,39.4972244556135
26.397598398932622,24.18801091403904
26.417611741160773,27.673558394573064
26.437625083388927,21.99106317857714
26.457638425617077,32.72840539660743
26.47765176784523,27.97291683090133
26.49766511007338,29.514267435212876
26.517678452301535,25.56262132379323
26.537691794529685,31.601617943055036
26.55770513675784,24.286322156897164
26.57771847898599,30.974315946793826
26.597731821214143,18.051656205528197
26.617745163442294,34.080657995936456
26.637758505670448,33.91198500037672
26.657771847898598,28.05405741038383
26.67778519012675,21.5423380937026
26.697798532354902,25.053722663090753
26.717811874583056,40.59325376423867
26.737825216811206,33.73384208580668
26.75783855903936,23.520751682546447
26.77785190126751,20.89711925093572
26.797865243495664,30.076695852839272
26.817878585723815,25.46128957576985
26.83789192795197,31.067301232453907
26.85790527018012,25.83421488446124
26.877918612408273,27.84916592872917
26.897931954636423,29.78870711809299
26.917945296864577,23.174160788287352
26.937958639092727,24.82288818758576
26.95797198132088,32.925743197464406
26.97798532354903,26.899927654412863
26.997998665777185,33.85036096913956
27.018012008005336,29.639528385897243
27.03802535023349,23.684076963310822
27.05803869246164,30.578331093795022
27.078052034689794,28.88894508505152
27.098065376917944,31.890890525508574
27.118078719146098,34.56064421122306
27.13809206137425,28.662428218229103
27.158105403602402,31.306891412590133
27.178118745830552,28.106365507244465
27.198132088058706,35.90530220055768
27.218145430286857,20.99193025345332
27.23815877251501,22.61753140873275
27.25817211474316,24.740225150079738
27.278185456971315,33.000783671768104
27.298198799199465,27.7591580475898
27.31821214142762,27.08910699746259
27.33822548365577,25.977918560561193
27.358238825883923,28.725613418809655
27.378252168112073,23.28970885179593
27.398265510340227,31.21022089093826
27.418278852568378,24.350717500210813
27.43829219479653,32.1566970437976
27.458305537024682,40.22772714062505
27.478318879252836,22.782638490249518
27.498332221480986,29.06959075634244
27.51834556370914,14.833108089909505
27.53835890593729,30.03431298639496
27.558372248165444,27.897011405566268
27.578385590393594,26.185719332313774
27.59839893262175,32.57179426502559
27.6184122748499,26.961413093175306
27.638425617078052,27.768125279962923
27.658438959306203,32.863903389460994
27.678452301534357,29.838111976025665
27.698465643762507,24.398543607990025
27.71847898599066,27.49479731326159
27.73849232821881,27.846740767958114
27.758505670446965,29.060141913729165
27.778519012675115,28.015227538545673
27.79853235490327,27.569663746575284
27.81854569713142,16.512959532533493
27.838559039359573,19.813743153565383
27.858572381587724,18.49906063925423
27.878585723815878,26.354542171180196
27.898599066044028,26.26336674194421
27.918612408272182,32.80682352536049
27.938625750500332,27.40163758013607
27.958639092728486,30.36292147502128
27.978652434956636,18.369205587738584
27.99866577718479,27.843368546699573
28.01867911941294,13.681491830198116
28.038692461641094,26.86263594445661
28.058705803869245,26.50854949151529
28.0787191460974,24.65092391096578
28.09873248832555,38.84956612079675
28.118745830553703,26.32552794394052
28.138759172781853,20.605505634696694
28.158772515010007,12.389738563341169
28.178785857238157,27.572627296489863
28.19879919946631,30.27316953653016
28.21881254169446,28.72356363166573
28.238825883922615,25.107418585154207
28.258839226150766,24.168103836420656
28.27885256837892,24.9462928520457
28.29886591060707,34.74678479781545
28.318879252835224,24.403764557147976
28.338892595063374,33.38505173003931
28.358905937291528,26.928668145339014
28.37891927951968,32.820014591498094
28.398932621747832,19.191914286024947
28.418945963975982,34.99810440546096
28.438959306204136,26.198638631402922
28.458972648432287,32.80242581617627
28.47898599066044,27.966349931386986
28.49899933288859,11.574742756101564
28.519012675116745,32.5566521215803
28.539026017344895,22.57949897594804
28.55903935957305,27.571454798047792
28.5790527018012,23.822875583729058
28.599066044029353,34.05365434208757
28.619079386257503,25.02744355775921
28.639092728485657,27.35209116427181
28.659106070713808,33.56969791056949
28.67911941294196,27.359190932648605
28.699132755170112,22.216868343301805
28.719146097398266,32.91604627717331
28.739159439626416,34.52930671670762
28.75917278185457,31.180661293963176
28.77918612408272,21.805930264551186
28.799199466310874,24.369142412356037
28.819212808539024,19.625718580560417
28.83922615076718,32.015191490275406
28.85923949299533,26.866931792692508
28.879252835223483,31.00176528590592
28.899266177451633,27.42650806938793
28.919279519679787,23.76794168699178
28.939292861907937,23.02356149867648
28.95930620413609,31.55072372754612
28.97931954636424,30.265787970030598
28.999332888592395,35.47091095012724
29.019346230820545,30.635897691160242
29.0393595730487,26.66968876117798
29.05937291527685,29.63132902547581
29.079386257505003,23.44950508460336
29.099399599733154,25.02801730088064
29.119412941961308,28.62012171382098
29.139426284189458,30.95578779812274
29.159439626417612,21.803797870771866
29.179452968645762,37.40747271036571
29.199466310873916,32.102862461682605
29.219479653102066,19.76995407275333
29.23949299533022,20.021391433201515
29.25950633755837,30.197228762769058
29.279519679786524,28.021683356183406
29.299533022014675,19.782780972295463
29.31954636424283,37.994104367913806
29.33955970647098,33.21081317826944
29.359573048699133,19.955296978439975
29.379586390927283,15.516009676950857
29.399599733155437,36.09724170403376
29.419613075383587,22.331564441814436
29.43962641761174,24.795209021532507
29.45963975983989,30.14728408947973
29.479653102068045,33.85172121073081
29.499666444296196,29.946892841478007
29.51967978652435,32.071694785631934
29.5396931287525,26.591674294870252
29.559706470980654,28.557329661478136
29.579719813208804,23.468949068972087
29.599733155436958,21.539766480086882
29.61974649766511,34.72118035887124
29.639759839893262,28.400881793021274
29.659773182121413,26.927378237358603
29.679786524349566,21.48380855071093
29.699799866577717,29.60800738164555
29.71981320880587,25.367022728202038
29.73982655103402,26.437046721013374
29.759839893262175,28.334097542014604
29.779853235490325,19.612385508518347
29.79986657771848,23.701937941256062
29.81987991994663,30.073604138315822
29.839893262174783,30.09634385291215
29.859906604402934,28.641234883151448
29.879919946631087,22.297252753267
29.899933288859238,26.013182451317416
29.91994663108739,23.309534804267283
29.939959973315542,25.221068832670696
29.959973315543696,24.294677969610408
29.979986657771846,22.638103052073976
30.0,20.83610536535176
